markers,,,A07_BSxEL 3.CEL,A08_BSxEL 11.CEL,A09_BSxEL 19.CEL,A10_BSxEL 27.CEL,A11_BSxEL 36.CEL,A12_BSxEL 44.CEL,B07_BSxEL 4.CEL,B09_BSxEL 20.CEL,B10_BSxEL 28.CEL,B11_BSxEL 37.CEL,B12_BSxEL 45.CEL,C07_BSxEL 5.CEL
AX-89786376:phr:np,1,0,ab,aa,aa,aa,ab,aa,aa,aa,ab,ab,ab,aa
AX-89883563:phr:np,1,2.085,ab,aa,aa,ab,ab,aa,aa,aa,ab,ab,ab,aa
AX-89856383:nmh:lm,1,2.085,ab,aa,-,ab,ab,aa,aa,aa,ab,ab,-,aa
AX-89824974:nmh:np,1,4.169,ab,aa,aa,ab,ab,aa,aa,aa,ab,ab,ab,aa
AX-89867911:phr:np,1,6.254,ab,aa,aa,ab,ab,aa,aa,aa,ab,ab,ab,aa
AX-89826285:nmh:np,1,10.43,ab,aa,aa,ab,ab,aa,aa,aa,ab,ab,ab,aa
AX-89824763:nmh:np,1,14.606,ab,aa,aa,aa,-,aa,aa,aa,ab,ab,ab,aa
AX-89825345:nmh:np,1,16.691,ab,aa,aa,ab,ab,aa,aa,aa,ab,ab,ab,aa
AX-89826104:nmh:lm,1,16.691,ab,aa,aa,ab,ab,aa,aa,aa,ab,ab,ab,aa
AX-89883358:nmh:np,1,18.775,-,aa,aa,ab,ab,aa,aa,aa,ab,ab,ab,aa
AX-89881686:nmh:np,1,25.058,-,aa,aa,ab,ab,aa,aa,aa,ab,ab,ab,aa
AX-89789867:nmh:np,1,27.143,ab,aa,aa,ab,ab,aa,aa,aa,ab,ab,ab,aa
AX-89826030:nmh:np,1,33.426,ab,aa,aa,ab,ab,aa,aa,aa,ab,ab,ab,aa
AX-89786153:nmh:np,1,35.51,ab,aa,aa,ab,ab,aa,aa,aa,ab,ab,ab,aa
AX-89788016:nmh:np,1,37.595,ab,aa,aa,ab,ab,aa,aa,aa,ab,ab,ab,aa
AX-89784825:nmh:np,1,39.679,ab,aa,aa,ab,ab,aa,aa,aa,ab,ab,-,aa
AX-89908070:nmh:lm,1,44.117,ab,aa,aa,ab,ab,aa,aa,aa,ab,ab,ab,aa
AX-89827053:nmh:lm,1,48.032,ab,aa,aa,ab,ab,aa,aa,aa,ab,ab,ab,aa
AX-89879339:nmh:np,1,50.117,ab,aa,aa,ab,ab,aa,aa,aa,ab,ab,ab,aa
AX-89852115:nmh:lm,1,50.117,ab,aa,aa,ab,ab,aa,aa,aa,ab,ab,ab,aa
AX-89879402:phr:np,1,52.201,ab,aa,aa,ab,ab,aa,aa,aa,ab,ab,ab,aa
AX-89879494:nmh:lm,1,52.201,ab,aa,aa,ab,ab,aa,aa,aa,ab,ab,ab,aa
AX-89881253:nmh:lm,1,58.484,ab,aa,aa,ab,ab,ab,aa,aa,ab,ab,ab,aa
AX-89824086:nmh:np,1,62.661,aa,aa,aa,ab,ab,ab,aa,aa,ab,ab,-,aa
AX-89784291:nmh:np,1,64.745,ab,aa,aa,ab,ab,ab,aa,aa,ab,ab,ab,aa
AX-89824307:nmh:lm,1,64.745,ab,aa,aa,ab,ab,ab,aa,aa,ab,ab,ab,aa
AX-89863127:nmh:np,1,68.922,ab,aa,aa,ab,ab,ab,aa,aa,ab,ab,ab,aa
AX-89855810:nmh:lm,1,68.922,ab,aa,aa,ab,ab,ab,aa,aa,ab,ab,ab,aa
AX-89825678:nmh:np,1,71.006,ab,aa,aa,ab,ab,ab,aa,aa,ab,ab,ab,aa
AX-89785815:nmh:lm,1,71.006,ab,aa,aa,ab,ab,ab,aa,-,ab,ab,ab,aa
AX-89863299:nmh:lm,1,75.182,ab,aa,aa,ab,ab,ab,aa,aa,ab,ab,ab,aa
AX-89792168:nmh:np,1,77.267,ab,aa,aa,ab,ab,ab,aa,aa,ab,ab,ab,aa
AX-89825987:nmh:lm,1,77.267,ab,aa,aa,ab,ab,ab,aa,aa,ab,ab,ab,aa
AX-89827849:phr:np,1,79.352,ab,aa,aa,ab,ab,ab,aa,aa,ab,ab,ab,aa
AX-89825893:nmh:lm,1,79.352,ab,aa,aa,ab,ab,ab,aa,aa,ab,ab,ab,aa
AX-89852225:nmh:lm,1,81.436,ab,aa,aa,ab,ab,ab,aa,aa,ab,ab,ab,aa
AX-89828025:phr:np,1,81.436,ab,aa,aa,ab,ab,ab,aa,aa,ab,ab,ab,aa
AX-89912656:nmh:lm,1,83.521,ab,aa,aa,ab,ab,ab,aa,aa,ab,ab,ab,aa
AX-89827763:nmh:np,1,83.521,ab,aa,aa,ab,ab,ab,aa,aa,ab,ab,ab,aa
AX-89827616:nmh:np,1,85.605,ab,aa,aa,ab,ab,ab,aa,aa,ab,ab,ab,aa
AX-89884870:nmh:np,1,90.357,-,aa,aa,aa,ab,ab,aa,aa,ab,ab,ab,aa
AX-89835172:phr:np,2,0,aa,aa,ab,aa,aa,aa,aa,ab,aa,aa,aa,aa
AX-89832920:phr:np,2,3.597,aa,aa,ab,aa,aa,aa,aa,ab,aa,aa,aa,aa
AX-89804798:nmh:np,2,5.682,aa,aa,ab,aa,aa,aa,aa,ab,aa,aa,aa,aa
AX-89835222:phr:np,2,7.766,aa,aa,ab,aa,aa,aa,aa,ab,aa,aa,aa,aa
AX-89804977:phr:np,2,9.851,aa,aa,ab,aa,aa,aa,aa,ab,aa,aa,aa,aa
AX-89857928:nmh:lm,2,9.851,aa,aa,ab,aa,aa,aa,aa,ab,aa,aa,aa,aa
AX-89891903:phr:np,2,11.935,aa,aa,ab,aa,aa,aa,aa,ab,aa,aa,aa,aa
AX-89849244:phr:np,2,14.02,aa,aa,ab,aa,aa,aa,aa,ab,aa,aa,aa,aa
AX-89779778:phr:np,2,16.104,aa,ab,ab,aa,aa,aa,aa,ab,aa,aa,aa,aa
AX-89862687:phr:np,2,20.281,aa,ab,ab,aa,aa,aa,aa,ab,aa,aa,aa,aa
AX-89849165:phr:np,2,24.457,aa,ab,ab,ab,aa,aa,aa,ab,aa,aa,aa,aa
AX-89905696:phr:np,2,26.542,aa,ab,ab,ab,aa,aa,aa,ab,aa,aa,aa,aa
AX-89905714:phr:np,2,28.626,aa,ab,ab,ab,aa,aa,aa,ab,aa,ab,aa,aa
AX-89834349:nmh:lm,2,28.626,aa,ab,ab,ab,aa,aa,aa,ab,aa,ab,aa,aa
AX-89849198:nmh:np,2,30.711,aa,ab,ab,ab,aa,aa,aa,ab,aa,ab,aa,aa
AX-89891513:nmh:np,2,32.795,aa,ab,ab,ab,aa,aa,aa,ab,aa,ab,aa,aa
AX-89834315:nmh:np,2,34.88,aa,ab,ab,ab,aa,aa,aa,ab,aa,ab,aa,aa
AX-89890304:nmh:np,2,36.964,aa,ab,ab,ab,aa,aa,aa,ab,aa,ab,aa,aa
AX-89863898:nmh:np,2,41.141,aa,ab,ab,ab,aa,aa,aa,ab,aa,ab,aa,aa
AX-89793897:nmh:np,2,45.317,aa,ab,ab,ab,aa,aa,aa,ab,aa,ab,aa,aa
AX-89792507:phr:np,2,47.402,aa,ab,ab,ab,aa,aa,aa,ab,aa,ab,aa,aa
AX-89849009:nmh:lm,2,47.402,aa,ab,ab,ab,aa,aa,aa,ab,aa,ab,aa,aa
AX-89792772:nmh:np,2,50.542,aa,-,ab,ab,aa,aa,aa,ab,aa,ab,aa,aa
AX-89833318:nmh:np,2,55.758,aa,aa,ab,ab,aa,aa,aa,ab,aa,ab,aa,aa
AX-89833277:nmh:np,2,59.934,ab,aa,ab,ab,aa,aa,aa,-,aa,ab,aa,aa
AX-89905514:nmh:np,2,62.019,aa,aa,ab,ab,aa,aa,aa,ab,aa,ab,aa,aa
AX-89833391:nmh:np,2,66.195,aa,aa,ab,ab,aa,aa,aa,ab,aa,ab,aa,aa
AX-89905524:nmh:np,2,68.28,aa,aa,ab,ab,aa,aa,aa,ab,aa,ab,aa,aa
AX-89889664:nmh:np,2,70.364,aa,aa,ab,ab,aa,aa,aa,ab,aa,ab,ab,aa
AX-89832401:nmh:lm,2,70.364,aa,aa,ab,ab,aa,aa,aa,ab,aa,ab,ab,aa
AX-89889915:phr:np,2,74.54,ab,aa,ab,ab,aa,aa,aa,ab,aa,ab,ab,aa
AX-89889943:nmh:lm,2,74.54,ab,aa,ab,ab,aa,aa,aa,ab,aa,ab,ab,aa
AX-89889986:phr:np,2,78.717,ab,aa,ab,ab,aa,aa,aa,ab,aa,ab,ab,aa
AX-89893915:phr:np,2,80.801,ab,aa,ab,ab,aa,aa,aa,ab,aa,ab,ab,aa
AX-89795083:nmh:np,2,84.978,ab,aa,ab,ab,aa,aa,aa,ab,aa,ab,ab,aa
AX-89909019:nmh:lm,2,84.978,ab,aa,ab,ab,aa,aa,aa,ab,aa,ab,ab,aa
AX-89803871:nmh:np,3,0,ab,ab,aa,aa,aa,ab,ab,aa,ab,ab,ab,ab
AX-89846672:nmh:np,3,2.085,ab,ab,aa,aa,aa,ab,ab,aa,ab,ab,ab,ab
AX-89862519:nmh:np,3,4.169,ab,ab,aa,aa,aa,ab,ab,aa,ab,ab,ab,ab
AX-89823593:nmh:np,3,8.345,ab,ab,aa,aa,aa,aa,ab,aa,ab,ab,ab,ab
AX-89823537:nmh:np,3,10.43,ab,ab,aa,aa,aa,aa,ab,aa,ab,ab,ab,ab
AX-89784104:nmh:np,3,12.515,ab,ab,aa,aa,aa,aa,ab,aa,ab,ab,ab,ab
AX-89859788:nmh:lm,3,14.599,ab,ab,aa,ab,aa,aa,ab,aa,ab,ab,ab,ab
AX-89900502:phr:np,3,14.599,ab,ab,aa,ab,aa,aa,ab,aa,ab,ab,ab,ab
AX-89900385:phr:np,3,16.684,ab,ab,aa,ab,aa,aa,ab,aa,ab,ab,ab,ab
AX-89810806:nmh:lm,3,16.684,ab,ab,aa,ab,aa,aa,ab,aa,ab,ab,ab,ab
AX-89900332:nmh:np,3,18.768,ab,aa,aa,ab,aa,aa,ab,aa,ab,ab,ab,ab
AX-89808950:nmh:np,3,22.944,ab,aa,aa,ab,aa,aa,ab,aa,ab,ab,ab,ab
AX-89845775:nmh:np,3,25.029,ab,aa,aa,ab,aa,aa,ab,aa,ab,ab,ab,ab
AX-89845536:nmh:np,3,29.205,ab,aa,aa,ab,aa,aa,-,aa,ab,ab,ab,ab
AX-89850763:nmh:np,3,31.29,ab,aa,aa,ab,aa,aa,ab,aa,ab,ab,ab,ab
AX-89808759:nmh:np,3,33.374,ab,aa,aa,ab,aa,aa,ab,aa,ab,ab,ab,ab
AX-89843884:phr:np,3,35.459,ab,aa,aa,ab,aa,aa,ab,aa,ab,ab,aa,ab
AX-89906641:nmh:lm,3,35.459,ab,aa,aa,ab,aa,aa,ab,aa,ab,ab,aa,ab
AX-89901018:nmh:np,3,37.544,ab,aa,aa,ab,aa,aa,ab,aa,ab,ab,aa,ab
AX-89901080:phr:np,3,39.65,ab,aa,aa,ab,aa,aa,ab,aa,ab,ab,aa,ab
AX-89901350:phr:np,3,41.756,ab,aa,aa,ab,aa,aa,ab,aa,ab,ab,aa,ab
AX-89906694:nmh:lm,3,41.756,ab,aa,aa,ab,aa,aa,ab,aa,ab,ab,aa,ab
AX-89844013:phr:np,3,45.933,ab,aa,aa,ab,aa,aa,ab,aa,ab,ab,aa,ab
AX-89800912:phr:np,3,48.017,ab,aa,aa,ab,aa,aa,ab,aa,ab,ab,aa,ab
AX-89815738:nmh:lm,3,48.017,ab,aa,aa,ab,aa,aa,ab,aa,ab,ab,aa,-
AX-89901534:nmh:np,3,50.102,ab,aa,aa,ab,aa,aa,ab,aa,ab,ab,aa,ab
AX-89801358:nmh:np,3,54.278,ab,aa,aa,ab,aa,aa,ab,aa,ab,ab,aa,ab
AX-89853869:nmh:lm,3,54.278,ab,aa,aa,ab,aa,aa,ab,aa,ab,ab,aa,ab
AX-89901964:nmh:np,3,58.454,ab,aa,aa,ab,aa,aa,ab,aa,ab,ab,ab,ab
AX-89818298:nmh:np,3,60.539,ab,aa,aa,ab,aa,aa,ab,aa,ab,ab,aa,ab
AX-89845363:nmh:lm,3,62.624,ab,aa,aa,ab,aa,aa,ab,aa,ab,ab,aa,ab
AX-89845338:nmh:np,3,62.624,ab,aa,aa,ab,aa,aa,ab,aa,ab,ab,aa,ab
AX-89909879:nmh:np,3,65.852,ab,aa,aa,aa,aa,aa,ab,aa,ab,ab,aa,ab
AX-89840132:phr:np,4,0,aa,aa,aa,ab,aa,aa,ab,aa,ab,-,-,ab
AX-89888387:nmh:np,4,5.003,aa,aa,aa,ab,aa,aa,ab,aa,ab,aa,aa,ab
AX-89864371:nmh:np,4,7.087,aa,aa,aa,ab,aa,aa,ab,aa,ab,aa,aa,ab
AX-89797167:nmh:np,4,9.172,aa,aa,aa,ab,aa,aa,ab,aa,ab,aa,aa,ab
AX-89808250:nmh:np,4,11.256,aa,aa,aa,ab,aa,aa,ab,aa,ab,ab,aa,ab
AX-89896318:nmh:np,4,13.341,aa,aa,aa,ab,aa,aa,ab,aa,ab,ab,aa,ab
AX-89896738:nmh:np,4,15.491,aa,aa,aa,ab,aa,aa,ab,aa,ab,ab,aa,ab
AX-89796724:phr:np,4,20.548,aa,-,aa,ab,aa,aa,ab,-,ab,ab,-,ab
AX-89839507:phr:np,4,25.285,-,-,aa,ab,aa,aa,ab,aa,ab,ab,ab,ab
AX-89796785:phr:np,4,29.201,aa,aa,aa,ab,-,aa,ab,aa,ab,ab,aa,ab
AX-89796242:phr:np,4,33.839,aa,aa,aa,ab,aa,aa,ab,aa,aa,ab,aa,ab
AX-89796233:phr:np,4,36.077,aa,aa,aa,ab,aa,aa,ab,aa,aa,ab,aa,ab
AX-89895905:phr:np,4,38.625,aa,-,aa,ab,ab,aa,ab,aa,aa,ab,aa,ab
AX-89837145:phr:np,4,42.733,-,aa,aa,ab,aa,-,ab,aa,aa,ab,-,ab
AX-89895616:phr:np,4,48.905,ab,aa,aa,ab,aa,-,ab,aa,aa,ab,aa,ab
AX-89838478:phr:np,4,53.148,aa,aa,aa,ab,-,aa,ab,aa,aa,ab,aa,ab
AX-89849797:phr:np,4,55.299,aa,aa,aa,ab,aa,aa,ab,aa,aa,ab,aa,ab
AX-89838594:phr:lm,4,55.299,aa,aa,aa,ab,aa,aa,ab,aa,aa,ab,-,ab
AX-89837811:phr:np,4,57.383,aa,aa,aa,ab,aa,aa,ab,aa,aa,ab,aa,ab
AX-89895044:phr:np,4,59.468,aa,aa,aa,ab,aa,aa,ab,aa,aa,ab,aa,ab
AX-89837508:phr:np,4,63.644,aa,aa,aa,ab,aa,aa,ab,aa,aa,ab,aa,ab
AX-89894683:phr:np,4,65.729,aa,aa,aa,ab,aa,aa,ab,aa,aa,ab,aa,ab
AX-89849587:phr:np,4,67.813,aa,aa,aa,ab,aa,aa,ab,aa,aa,ab,aa,ab
AX-89800044:phr:np,4,70.306,aa,aa,aa,ab,aa,-,ab,-,aa,ab,aa,ab
AX-89909704:nmh:lm,4,74.893,aa,aa,aa,ab,aa,aa,ab,-,aa,ab,aa,ab
AX-89799930:nmh:lm,4,76.977,aa,aa,aa,ab,aa,aa,ab,aa,aa,ab,aa,ab
AX-89800022:phr:np,4,76.977,aa,aa,aa,ab,aa,aa,ab,aa,aa,ab,aa,ab
AX-89842235:phr:np,4,81.154,aa,aa,aa,ab,aa,aa,ab,aa,aa,ab,aa,ab
AX-89842342:phr:np,4,83.238,aa,aa,aa,ab,aa,aa,ab,aa,aa,ab,aa,ab
AX-89799295:nmh:lm,4,83.238,aa,aa,aa,ab,aa,aa,ab,aa,-,ab,aa,ab
AX-89899312:phr:np,4,85.323,aa,aa,ab,ab,aa,aa,ab,aa,aa,ab,aa,ab
AX-89799535:nmh:np,4,89.499,aa,aa,aa,ab,aa,aa,ab,aa,aa,ab,ab,ab
AX-89787192:nmh:np,5,0,aa,ab,ab,aa,aa,aa,ab,ab,aa,aa,aa,ab
AX-89884746:nmh:np,5,2.108,aa,ab,ab,aa,aa,aa,ab,ab,aa,aa,aa,ab
AX-89885360:phr:np,5,4.216,aa,ab,ab,aa,aa,aa,ab,ab,aa,aa,aa,ab
AX-89885062:phr:np,5,6.301,aa,ab,ab,aa,aa,aa,ab,ab,aa,aa,aa,ab
AX-89885210:nmh:lm,5,6.301,aa,ab,ab,aa,aa,aa,ab,ab,aa,aa,aa,ab
AX-89884930:phr:np,5,8.385,aa,ab,ab,aa,aa,aa,ab,ab,aa,aa,aa,ab
AX-89792184:phr:np,5,10.47,aa,ab,ab,aa,aa,aa,ab,ab,aa,aa,aa,ab
AX-89882939:nmh:lm,5,10.47,aa,ab,ab,aa,aa,aa,ab,ab,aa,aa,aa,ab
AX-89847909:phr:np,5,12.555,aa,ab,ab,aa,aa,aa,ab,ab,aa,aa,aa,ab
AX-89784242:phr:np,5,14.639,aa,ab,ab,aa,aa,aa,ab,ab,aa,aa,aa,ab
AX-89784521:phr:np,5,20.763,aa,ab,ab,aa,aa,aa,ab,ab,aa,aa,aa,ab
AX-89881513:phr:np,5,24.869,aa,ab,ab,aa,aa,aa,ab,ab,aa,aa,aa,-
AX-89822384:phr:np,5,29.604,aa,ab,ab,ab,aa,aa,ab,ab,aa,aa,-,ab
AX-89881604:phr:np,5,33.462,aa,ab,ab,aa,aa,aa,ab,ab,aa,aa,ab,ab
AX-89847715:phr:np,5,35.547,aa,ab,ab,aa,aa,aa,ab,ab,aa,aa,aa,ab
AX-89784701:nmh:lm,5,35.547,aa,ab,ab,aa,aa,aa,ab,ab,aa,aa,aa,ab
AX-89872355:phr:np,5,39.723,aa,ab,ab,aa,aa,ab,ab,ab,aa,aa,aa,ab
AX-89822109:phr:np,5,41.808,aa,ab,ab,aa,aa,ab,ab,ab,aa,aa,aa,ab
AX-89824529:phr:np,5,45.984,aa,ab,ab,aa,aa,ab,ab,ab,aa,aa,aa,ab
AX-89881661:phr:np,5,48.069,aa,ab,ab,aa,aa,ab,ab,ab,aa,aa,aa,ab
AX-89800585:phr:np,5,50.153,aa,ab,ab,aa,aa,ab,ab,ab,aa,aa,aa,ab
AX-89826022:phr:np,5,52.238,aa,ab,ab,aa,aa,ab,ab,ab,aa,aa,aa,ab
AX-89830372:phr:np,5,56.414,aa,ab,ab,aa,aa,ab,ab,ab,aa,aa,aa,ab
AX-89883426:phr:np,5,58.499,aa,ab,ab,aa,aa,ab,ab,ab,aa,aa,aa,ab
AX-89897240:nmh:lm,5,58.499,aa,ab,ab,aa,aa,ab,ab,ab,aa,aa,aa,ab
AX-89785590:nmh:np,5,60.583,aa,ab,ab,aa,aa,ab,ab,ab,aa,aa,aa,ab
AX-89826291:phr:np,5,64.776,aa,ab,ab,aa,aa,ab,ab,ab,aa,aa,aa,ab
AX-89899642:nmh:np,6,0,aa,aa,ab,aa,ab,ab,aa,ab,aa,aa,ab,aa
AX-89861889:nmh:np,6,3.917,aa,aa,ab,aa,ab,ab,aa,ab,aa,aa,ab,aa
AX-89842318:nmh:np,6,8.094,aa,aa,ab,aa,ab,ab,-,ab,aa,aa,ab,aa
AX-89864659:nmh:np,6,12.27,ab,aa,ab,aa,ab,ab,aa,ab,aa,aa,ab,aa
AX-89894285:nmh:np,6,14.355,aa,aa,ab,aa,ab,ab,aa,ab,aa,aa,ab,aa
AX-89795350:nmh:lm,6,14.355,aa,aa,ab,aa,ab,ab,aa,ab,aa,aa,ab,aa
AX-89840756:nmh:np,6,16.44,aa,aa,ab,aa,aa,ab,aa,ab,aa,aa,ab,aa
AX-89803175:nmh:np,6,18.524,aa,ab,ab,aa,aa,ab,aa,ab,aa,aa,ab,aa
AX-89853445:nmh:lm,6,18.524,aa,ab,ab,aa,aa,ab,aa,ab,aa,aa,ab,aa
AX-89874335:nmh:lm,6,20.609,aa,ab,ab,aa,aa,ab,aa,ab,aa,aa,ab,aa
AX-89839938:nmh:np,6,22.892,aa,-,ab,aa,aa,ab,aa,ab,aa,aa,-,aa
AX-89839471:nmh:np,6,25.176,aa,ab,ab,aa,aa,ab,aa,ab,aa,aa,ab,aa
AX-89873350:phr:np,6,27.261,aa,ab,ab,aa,aa,ab,aa,ab,aa,aa,ab,aa
AX-89798227:nmh:lm,6,27.261,aa,ab,ab,aa,aa,ab,aa,ab,aa,aa,ab,aa
AX-89899116:nmh:np,6,29.345,aa,ab,ab,aa,aa,ab,aa,ab,aa,aa,ab,aa
AX-89899939:phr:np,6,31.43,aa,ab,ab,aa,aa,ab,aa,ab,aa,aa,ab,aa
AX-89842611:nmh:np,6,33.514,aa,ab,ab,aa,aa,ab,aa,ab,ab,aa,ab,aa
AX-89906534:phr:np,6,35.599,aa,ab,ab,aa,aa,ab,aa,ab,ab,aa,ab,aa
AX-89799698:nmh:np,6,39.775,aa,ab,ab,aa,aa,ab,aa,ab,ab,aa,ab,aa
AX-89842427:phr:np,6,41.86,aa,ab,ab,aa,aa,ab,aa,ab,ab,aa,ab,aa
AX-89899499:nmh:np,6,48.142,aa,ab,ab,aa,aa,ab,ab,ab,ab,aa,ab,ab
AX-89862222:nmh:np,6,52.319,aa,ab,ab,aa,aa,ab,aa,ab,ab,aa,ab,aa
AX-89859716:nmh:np,6,56.495,aa,ab,ab,aa,aa,ab,aa,ab,ab,aa,ab,aa
AX-89842937:nmh:lm,6,56.495,aa,ab,ab,aa,aa,ab,aa,ab,ab,aa,ab,aa
AX-89837804:phr:np,6,58.58,aa,ab,ab,aa,aa,ab,aa,ab,ab,aa,ab,aa
AX-89914385:nmh:lm,6,58.58,aa,ab,ab,aa,aa,ab,aa,ab,ab,aa,ab,aa
AX-89892239:nmh:np,7,0,ab,ab,aa,ab,ab,ab,ab,aa,ab,ab,ab,ab
AX-89913954:nmh:lm,7,0,ab,ab,aa,ab,ab,ab,ab,aa,ab,ab,ab,ab
AX-89835273:nmh:np,7,2.085,ab,ab,aa,ab,ab,ab,ab,aa,ab,ab,ab,ab
AX-89804982:nmh:np,7,6.261,ab,ab,aa,ab,ab,ab,ab,aa,ab,ab,ab,ab
AX-89852835:nmh:np,7,10.437,ab,ab,aa,ab,ab,ab,ab,aa,ab,ab,aa,ab
AX-89891956:nmh:np,7,12.522,ab,ab,aa,ab,ab,ab,ab,aa,ab,ab,ab,ab
AX-89854450:nmh:lm,7,16.698,ab,aa,-,ab,ab,ab,ab,aa,ab,ab,ab,ab
AX-89874936:phr:np,7,18.783,ab,aa,aa,ab,ab,ab,ab,aa,ab,ab,ab,ab
AX-89834368:phr:np,7,22.959,ab,aa,aa,ab,ab,ab,ab,aa,ab,ab,ab,ab
AX-89834397:nmh:np,7,25.044,ab,aa,aa,aa,ab,ab,ab,aa,ab,ab,ab,ab
AX-89891616:phr:np,7,27.128,ab,aa,aa,aa,ab,ab,ab,aa,ab,ab,-,ab
AX-89793359:phr:np,7,33.445,ab,aa,aa,ab,ab,ab,ab,aa,ab,aa,ab,ab
AX-89891540:phr:np,7,35.563,ab,aa,aa,aa,ab,ab,ab,aa,ab,aa,ab,ab
AX-89869951:nmh:lm,7,35.563,ab,aa,aa,aa,ab,ab,ab,aa,ab,aa,ab,ab
AX-89890329:nmh:np,7,37.648,ab,aa,aa,aa,ab,ab,ab,aa,ab,aa,ab,ab
AX-89815561:phr:np,7,43.931,ab,aa,aa,aa,ab,ab,ab,aa,ab,aa,ab,ab
AX-89792533:phr:np,7,46.015,ab,aa,aa,aa,ab,ab,ab,aa,ab,aa,ab,ab
AX-89833333:phr:np,7,50.192,ab,ab,aa,aa,ab,ab,ab,aa,ab,aa,ab,ab
AX-89905434:phr:np,7,53.204,ab,ab,aa,aa,ab,ab,ab,aa,ab,aa,-,ab
AX-89889634:phr:np,7,56.45,ab,ab,aa,aa,ab,ab,ab,aa,ab,aa,aa,ab
AX-89832703:phr:np,7,60.626,aa,ab,aa,aa,ab,ab,ab,aa,ab,aa,aa,ab
AX-89832735:phr:np,7,64.95,aa,ab,aa,aa,ab,ab,ab,aa,ab,aa,-,ab
AX-89794957:phr:np,7,67.181,aa,ab,aa,aa,ab,ab,ab,aa,ab,aa,aa,ab
AX-89836792:phr:np,7,71.357,aa,ab,aa,aa,ab,ab,ab,aa,ab,aa,aa,ab
AX-89896679:nmh:np,8,0,ab,ab,ab,aa,ab,ab,ab,ab,aa,aa,ab,aa
AX-89807609:nmh:np,8,6.283,ab,ab,ab,aa,ab,ab,aa,ab,aa,ab,ab,aa
AX-89853384:nmh:lm,8,8.367,ab,ab,ab,aa,ab,ab,aa,ab,aa,ab,ab,aa
AX-89840073:nmh:np,8,8.367,ab,ab,ab,aa,ab,ab,aa,ab,aa,ab,ab,aa
AX-89839833:nmh:np,8,10.452,ab,ab,ab,aa,ab,ab,aa,ab,aa,ab,ab,aa
AX-89839483:nmh:np,8,12.536,ab,ab,ab,aa,ab,ab,aa,ab,aa,aa,ab,aa
AX-89808258:phr:np,8,16.713,ab,ab,ab,aa,ab,ab,aa,ab,aa,aa,ab,aa
AX-89796626:nmh:np,8,18.797,ab,ab,ab,aa,ab,ab,aa,ab,aa,aa,ab,aa
AX-89796827:nmh:lm,8,18.797,ab,ab,ab,aa,ab,ab,aa,ab,aa,aa,ab,aa
AX-89839071:nmh:np,8,23.409,ab,ab,ab,aa,ab,ab,aa,ab,-,aa,ab,aa
AX-89838952:nmh:np,8,31.377,ab,ab,ab,aa,ab,ab,aa,ab,ab,aa,ab,aa
AX-89858441:nmh:lm,8,31.377,ab,ab,ab,aa,ab,ab,aa,ab,ab,aa,ab,aa
AX-89895567:nmh:np,8,33.462,ab,ab,ab,aa,ab,ab,aa,ab,ab,aa,ab,aa
AX-89796051:nmh:lm,8,33.462,ab,ab,ab,aa,ab,ab,aa,ab,ab,aa,ab,aa
AX-89837790:nmh:np,8,35.546,ab,-,ab,aa,ab,ab,aa,-,ab,aa,ab,aa
AX-89837810:phr:np,8,37.631,ab,ab,ab,aa,ab,ab,aa,ab,ab,aa,ab,aa
AX-89837478:phr:np,8,39.715,ab,ab,ab,aa,ab,ab,aa,ab,ab,aa,ab,aa
AX-89909040:nmh:lm,8,41.8,ab,ab,ab,aa,ab,ab,aa,ab,ab,aa,ab,aa
AX-89900239:phr:np,8,41.8,ab,ab,ab,aa,ab,ab,aa,ab,ab,aa,ab,aa
AX-89842925:phr:np,8,43.884,ab,ab,ab,aa,ab,ab,aa,ab,ab,aa,ab,aa
AX-89800048:nmh:lm,8,43.884,ab,ab,ab,aa,ab,ab,aa,ab,ab,aa,ab,aa
AX-89842829:phr:np,8,45.969,ab,ab,ab,aa,ab,ab,aa,ab,ab,aa,ab,aa
AX-89842219:phr:np,8,48.054,ab,ab,ab,aa,ab,ab,aa,ab,ab,aa,ab,aa
AX-89915586:nmh:lm,8,48.054,ab,ab,ab,aa,ab,ab,aa,ab,ab,aa,ab,aa
AX-89819678:nmh:np,9,0,aa,ab,ab,ab,aa,aa,aa,ab,ab,ab,ab,aa
AX-89847313:phr:np,9,8.412,aa,ab,ab,aa,aa,aa,aa,ab,ab,ab,ab,aa
AX-89781691:phr:np,9,10.496,aa,ab,ab,aa,aa,aa,aa,ab,ab,ab,aa,aa
AX-89877314:phr:np,9,12.581,aa,ab,ab,aa,aa,aa,aa,ab,ab,ab,aa,aa
AX-89781521:nmh:np,9,18.864,aa,ab,ab,aa,aa,aa,aa,ab,ab,ab,aa,aa
AX-89877190:nmh:np,9,20.948,aa,ab,ab,aa,aa,aa,aa,ab,ab,ab,aa,aa
AX-89819724:nmh:np,9,25.125,aa,ab,ab,aa,aa,aa,ab,ab,ab,ab,aa,ab
AX-89904377:phr:np,9,29.301,aa,ab,ab,aa,aa,aa,ab,ab,ab,ab,aa,ab
AX-89781428:nmh:np,9,31.386,aa,ab,ab,aa,aa,aa,ab,ab,ab,ab,aa,ab
AX-89819357:phr:np,9,35.562,aa,ab,ab,aa,aa,aa,ab,ab,ab,ab,aa,ab
AX-89904353:nmh:np,9,39.738,aa,ab,ab,aa,aa,aa,ab,ab,ab,ab,aa,ab
AX-89819292:phr:np,9,41.823,aa,ab,ab,aa,aa,aa,ab,ab,ab,ab,aa,ab
AX-89803475:nmh:lm,9,41.823,aa,ab,ab,aa,aa,aa,ab,ab,ab,ab,aa,ab
AX-89823484:phr:np,9,43.907,aa,ab,ab,aa,aa,aa,ab,ab,ab,ab,aa,ab
AX-89863055:phr:np,9,48.084,aa,ab,ab,aa,aa,aa,ab,ab,ab,aa,aa,ab
AX-89880152:phr:np,9,50.168,aa,ab,ab,aa,aa,aa,ab,ab,ab,aa,aa,ab
AX-89782412:phr:np,9,52.253,aa,ab,ab,aa,aa,aa,ab,ab,ab,aa,aa,ab
AX-89803806:phr:np,9,56.494,aa,aa,ab,ab,aa,aa,ab,ab,ab,-,aa,ab
AX-89781216:nmh:np,9,60.325,aa,aa,ab,-,aa,aa,ab,ab,ab,aa,ab,ab
AX-89806849:nmh:np,9,62.819,aa,aa,ab,aa,aa,aa,ab,ab,ab,aa,aa,ab
AX-89823038:phr:np,9,64.903,aa,aa,ab,aa,aa,aa,ab,ab,ab,aa,aa,ab
AX-89856106:nmh:lm,9,66.988,aa,aa,ab,aa,aa,aa,ab,ab,aa,aa,aa,ab
AX-89783425:phr:np,9,66.988,aa,aa,ab,aa,aa,aa,ab,ab,aa,aa,aa,ab
AX-89855026:nmh:np,10,0,ab,aa,aa,aa,ab,ab,ab,aa,aa,aa,aa,ab
AX-89877439:nmh:np,10,4.256,ab,aa,aa,ab,ab,ab,ab,aa,aa,aa,aa,ab
AX-89781722:nmh:np,10,6.414,ab,aa,aa,ab,ab,ab,ab,aa,aa,aa,ab,-
AX-89877315:nmh:np,10,8.573,ab,aa,aa,ab,ab,ab,ab,aa,aa,aa,ab,ab
AX-89876788:nmh:np,10,14.856,ab,aa,aa,ab,ab,ab,ab,aa,aa,aa,ab,ab
AX-89877296:nmh:np,10,16.94,ab,aa,aa,ab,ab,ab,ab,aa,aa,aa,ab,ab
AX-89819718:nmh:np,10,21.117,ab,aa,aa,ab,ab,ab,aa,aa,aa,aa,ab,aa
AX-89819764:nmh:np,10,25.293,ab,aa,aa,ab,ab,ab,aa,aa,aa,aa,ab,aa
AX-89910880:nmh:lm,10,27.378,ab,aa,aa,ab,ab,ab,aa,aa,aa,aa,ab,aa
AX-89819573:nmh:np,10,31.554,ab,aa,aa,ab,ab,ab,aa,aa,aa,aa,ab,aa
AX-89780931:nmh:np,10,33.639,ab,aa,aa,ab,ab,ab,aa,aa,aa,aa,ab,aa
AX-89904349:nmh:lm,10,33.639,ab,aa,aa,ab,ab,ab,aa,aa,aa,aa,ab,aa
AX-89784021:nmh:lm,10,35.723,ab,aa,aa,ab,ab,ab,aa,aa,aa,aa,ab,aa
AX-89880612:nmh:np,10,35.723,ab,aa,aa,ab,ab,ab,aa,aa,aa,aa,ab,aa
AX-89822879:nmh:np,10,37.808,ab,aa,aa,ab,ab,ab,aa,aa,aa,ab,ab,aa
AX-89855625:nmh:lm,10,37.808,ab,aa,aa,ab,ab,ab,aa,aa,aa,ab,ab,aa
AX-89821954:nmh:np,10,41.984,ab,aa,aa,ab,ab,ab,aa,aa,aa,ab,ab,aa
AX-89850409:nmh:lm,10,44.069,ab,aa,aa,ab,ab,ab,aa,aa,aa,ab,ab,aa
AX-89878027:nmh:np,10,44.069,ab,aa,aa,ab,ab,ab,aa,aa,aa,ab,ab,aa
AX-89880319:phr:np,10,46.153,ab,ab,aa,ab,ab,ab,aa,aa,aa,ab,ab,aa
AX-89863038:phr:np,10,50.329,ab,ab,aa,ab,ab,ab,aa,aa,ab,ab,ab,aa
AX-89783666:nmh:np,10,52.414,ab,ab,aa,ab,ab,ab,aa,aa,aa,ab,ab,aa
AX-89911568:nmh:np,10,54.499,ab,ab,aa,aa,ab,ab,aa,aa,aa,ab,ab,aa
AX-89788963:phr:np,11,0,aa,ab,ab,ab,ab,ab,aa,ab,ab,aa,aa,aa
AX-89912747:nmh:lm,11,2.085,aa,ab,ab,ab,ab,ab,aa,ab,ab,aa,aa,aa
AX-89886449:phr:np,11,2.085,aa,ab,ab,ab,ab,ab,aa,ab,ab,aa,aa,aa
AX-89846903:phr:np,11,4.169,aa,ab,ab,ab,ab,ab,aa,ab,ab,aa,aa,aa
AX-89912891:nmh:lm,11,6.254,aa,ab,ab,ab,ab,ab,aa,ab,ab,aa,aa,aa
AX-89886710:phr:np,11,6.254,aa,ab,ab,ab,ab,ab,aa,ab,ab,aa,aa,aa
AX-89829576:phr:np,11,8.338,aa,ab,ab,ab,ab,ab,aa,ab,ab,aa,aa,aa
AX-89788249:nmh:lm,11,8.338,aa,ab,ab,ab,ab,ab,aa,ab,ab,aa,aa,aa
AX-89789156:phr:np,11,12.567,aa,ab,ab,ab,ab,ab,aa,ab,ab,ab,aa,aa
AX-89828725:phr:np,11,14.703,aa,ab,ab,ab,ab,ab,aa,ab,ab,aa,aa,aa
